{"cameraMode":{"drawMode":0,"name":"Shaded","section":"Shading Mode"},"sceneLighting":false,"audioPlay":false,"sceneViewState":{"showFog":true,"showMaterialUpdate":false,"showSkybox":false,"showFlares":true,"showImageEffects":true,"showParticleSystems":true},"in2DMode":false,"pivot":{"x":3.9725427627563478,"y":-0.557997465133667,"z":5.48788595199585},"rotation":{"x":0.09880474954843521,"y":-0.6468584537506104,"z":0.08516936004161835,"w":0.7514697909355164},"size":8.979033470153809,"orthographic":false}