{"cameraMode":{"drawMode":0,"name":"Shaded","section":"Shading Mode"},"sceneLighting":false,"audioPlay":false,"sceneViewState":{"showFog":true,"showMaterialUpdate":false,"showSkybox":false,"showFlares":true,"showImageEffects":true,"showParticleSystems":true},"in2DMode":false,"pivot":{"x":578.4365234375,"y":276.1022644042969,"z":1370.4666748046875},"rotation":{"x":0.02280810847878456,"y":0.0032592506613582374,"z":-0.00008500536932842806,"w":0.9997921586036682},"size":2025.0174560546875,"orthographic":false}