{"cameraMode":{"drawMode":0,"name":"Shaded","section":"Shading Mode"},"sceneLighting":false,"audioPlay":false,"sceneViewState":{"showFog":true,"showMaterialUpdate":false,"showSkybox":false,"showFlares":true,"showImageEffects":true,"showParticleSystems":true},"in2DMode":false,"pivot":{"x":2.9145281314849855,"y":2.767118453979492,"z":2.4539976119995119},"rotation":{"x":0.0881878137588501,"y":-0.6044350862503052,"z":0.06755060702562332,"w":0.78895103931427},"size":3.9938552379608156,"orthographic":false}