{"cameraMode":{"drawMode":0,"name":"Shaded","section":"Shading Mode"},"sceneLighting":true,"audioPlay":false,"sceneViewState":{"showFog":true,"showMaterialUpdate":false,"showSkybox":false,"showFlares":true,"showImageEffects":true,"showParticleSystems":true},"in2DMode":false,"pivot":{"x":0.0,"y":-0.2499999701976776,"z":-5.960464477539063e-8},"rotation":{"x":0.12073978036642075,"y":-0.43397611379623415,"z":-0.05878128111362457,"w":-0.890893816947937},"size":1.2457226514816285,"orthographic":false}